Kategori,Detail,Vendor,PIC,Kontak,Email,Alamat,Respon Vendor,Termin Pembayaran
Advertising,"Cetak nota, lanyard, kalender, kartu nama, Surat Jalan, dsb.",Zay Digital Printing,Abi,08815887682,,Krian,,Cash 
Advertising,"Cetak nota, lanyard, kalender, kartu nama, Surat Jalan, dsb.",Nizar Advertising,Nizar,081232501317,,Krian,Cukup Cepat,Cash 
Advertising,"Custom sablon akrilik, dsb.",Bagus Advertising,Bagus,085655503425,,Driyorejo,,Cash 
Advertising,"Kartu nama, Id card, brosur, dsb.",Exodus,Admin,081234400061,,"Mojokerto, Jl. Cinde Prajurit Kulon",,Cash 
Advertising,Stempel,Wahyu,Admin,085730201515,,"Mojokerto, Mojopahit, Depan Mandiri / Pizzahut",,Cash 
Advertising,Notebook Bulpen Custom,Sae Saestu,Admin,0821-8888-9553,,Mlg,,Cash 
Advertising,Tumblr,Buanagift,Admin,0877-9760-0999,,Sby,,Cash 
Advertising,Printing,Exodus,Admin,0812-3440-0061,,Mjk,,Cash 
Advertising,Iklan Loker,LokerMLG,Admin,0823-3662-7215,,Mlg,,Cash 
Advertising,Iklan rumah,Rumah 123,Lutfi,0857-1171-4458,,Sby,,Cash 
Advertising,Printing,Prima Digiprint,Admin,0857-7171-2872,,Sby,,Cash 
Advertising,Totebag Custom,Widytrans,Widytrans,0822-4221-9991,,Sby,,Cash 
Advertising,,Khaidir Propaganda,,085231719474,,Jl. Raya Bratang Gede VI F No. 52,Cepat,Cash
Aki (Accu),,Accu GS,Admin,081252754137,,,,Cash 
Aki (Accu),,Aki Sby,Bu Nila,081235463000,,Sby,,Cash 
Aki (Accu),,Banoki,Admin,082211501150,,Sby,,Cash 
Aki (Accu),,Duta Mulia,Admin,08981563833,,"Kedungdoro, Sby",,Cash 
Aki (Accu),,Sumber Aki,Pak Agus,082231166663,,Sby,Cukup Cepat,Cash 
Aki (Accu),,Sumber Aki,Noniek,0817393930,,Sby,Cepat,Cash 
Aki (Accu),,Toko Aki Embong Malang,Admin,083154582777,,Sby,Cepat,Cash 
Alat Cleaning/Kebersihan,"Vacuum cleaner, selang, spray gun, dsb.",Karcher Dealer And Service Center,Bu Putri,+62 878-9969-9111,,Jl. Raya Jemursari No. 100 Surabaya,Cukup Cepat,"Cash, CC"
Alat Medis dan Kesehatan,Alat Laboratorium,TSI,Pak Niko,+62 821-2335-1143,,,,
Alat Medis dan Kesehatan,"Alat Lab, kalibrasi",Asam medika/Alat Laborat,Admin,+62 812-3456-1353,,,,
Alat Medis dan Kesehatan,"Alat lab, P3k, dsb.",Sumber Bahagia,,+62 857-4854-2843,,Sby,Cepat,"Cash, CC"
Alat Medis dan Kesehatan,Onemed,PT. Inti Medicom Retailindo,Admin,0811-3338-5235,,Sby,Cepat,"Cash, CC"
Asesoris Pintu,"Gembok, grendel, kunci, dsb.",Toko Jaya Makmur,Bu Ela,+62 812-3468-3148,,Sby,,Cash 
ATK (Alat Tulis Kantor),,Gading Murni Tunjungan,Bu Yayuk,+62 888-3010-560,,Sby,Cepat,"Cash, CC"
ATK (Alat Tulis Kantor),,Gading Murni Perak,Bu Siti,089514053677,,Sby,Cepat,"Cash, CC"
ATK (Alat Tulis Kantor),,Mega Mandiri,Pak Endarto,081234237299,,Krian,Cukup Cepat,Cash 
ATK (Alat Tulis Kantor),,Pelangi Stationary,Admin,081245979992,,Krian,Cukup Cepat,Cash 
Automation,"Fitting pneumatic, valve pneumatic dsb.",SMC Automation Jakarta,Desy,081334535825,,Jakarta,,Cash 
Automation,"Pneumatic Hydraulic, Industrial Automation",SMC Automation Surabaya,Zainul,081333366082,,Sby,,Cash 
Bahan Bangunan,,Aneka Bangunan,Admin,+62 822-9919-8778,,"Margomulyo, Sby",Lama,Cash 
Bahan Bangunan,,Bravo Bangunan,Admin,+62 811-3200-151,,"Jl Raya Wiyung No. 6 ,Surabaya",Lama,"Cash, CC"
Bahan Bangunan,,Adi Jaya,Bu Yuni,+62 822-3309-9089,,Krian,Cukup Cepat,Cash 
Bahan Bangunan,,Samudra,Pak Iwan,+62 822-3352-5868,,Krian,Lama ,Cash 
Bahan Bangunan,"Pasir, batu, cat, semen, dll.",Muara bening,Bu Tutik,+62 822-3885-6389,,"Gunungsari, sby",Cukup Cepat,Cash 
Bahan Bangunan,"Cat, Keramik, Sanitary, dll.",WU Bangunan,Pak Kevin,+62 813-3333-3206,,Krian,Cepat,"Cash, CC"
Bahan Bangunan,,UD Mira Makmur,Admin,+62 821-3239-4562,,Ngoro,Cukup Cepat,Cash 
Bahan Bangunan,Semen dll,Murah Jaya,admin,082142696500,,"Mojokerto, JL. Raya wates no 1 mergelo",,Cash 
Bahan Bangunan,Semen dll,,,081617177893,,Mojokerto,,Cash 
Bahan Bangunan,Semen dll,,,081217454334,,Mojokerto,,Cash 
Bahan Bangunan,"List Aluminium, Timbangan, Plafon, Kusen, Batu Alam, Taco Vinyl, Plafon Gypsum, dll.",Batu Beling Kenjeran,,0878-5557-7325,,Jl. Kenjeran Blok A3-A5 No.278,,Cash 
Bahan Bangunan,,Toko Bangunan Sutikno,Pak Faiq,081327774727,,Semarang,Cepat,Cash
Bahan Kimia,Alkohol,Sinar Putra,Hendro,0815-1119-7505,,Sby,,Cash 
Bahan Kimia,,Jaya Makmur Kimia,,0851-5908-8818,,Jl. Tidar No.210,Cepat,Cash
Bahan Kimia,,Ngagel Jaya Kimia,,0853-3466-0006,,Jl. Ngagel Jaya Selatan No.95,,
Bahan Kimia,,Tidar Kimia,,0811-317-181,,Jl. Tidar No.260,,
Baut,"Perbautan, alat teknik, jarum keras",RJS SBY,Admin,08113525047,,"Jl. Semarang No.116 D-E, Bubutan, Kec. Bubutan, Surabaya, Jawa Timur 60174",Cepat,"Cash, CC"
Baut,"Perbautan, alat teknik, jarum keras",RJS Krian,Admin,085733894064,,"Ruko Grand Krian - jalan Bypass Krian Kav. No. 6, Kec. Krian, Kabupaten Sidoarjo, Jawa Timur 61262",Cukup Cepat,"Cash, CC"
Baut,"Perbautan, alat teknik, jarum keras",Hafas Margo,Pak Budi,085331643693,,Jl. Margomulyo Indah I No. 1,Lama,Tempo 14 hari
Baut,"Perbautan, alat teknik, jarum keras",Hafas Raden Saleh,Admin,081219993506,sales_sby@hasilfastindo.com,"l. Semarang No.112, Bubutan, Kec. Bubutan, Surabaya, Jawa Timur 60174",Lama,Cash 
Baut,Perbautan,Hutomo Raharjo,Admin,082139138518,,"Jl. Raden Saleh No.15, Bubutan, Kec. Bubutan, Surabaya, Jawa Timur 60174",Lama,Cash 
Baut,Perbautan,Sentral Mur Baut,Pak Yul,0811307202,sentralmurbaut@hotmail.com,"Jl. Rajawali No.53-B, Krembangan Se",Cukup Cepat,Cash 
Baut,"Perbautan, alat teknik",Harapan Jaya,Admin,085163137190,,"Gedangan, Sda",Lama,Cash 
Baut,Perbautan,Baut Jabaran,Admin,082131825887,,"Balongbendo, Sda",Cukup Cepat,Cash 
Baut,Perbautan,Sepanjang Jaya Baut,Admin,081359793969,,"Sepanjang, Sidoarjo",Cukup Cepat,Cash 
Baut,Perbautan,Sinar Baut,Pak Frenky,087882350925,,Sby,Cepat,Cash 
Baut,Perbautan,Jaya Baut,Admin,081332055888,,Mojokerto,,Cash 
Bearing,"Bearing, Rantai, vbelt",Asian Bearindo,Pak Marheni,+62 822-3154-5111,,Sby,Lama,Cash 
Bearing,"Bearing, Rantai, vbelt",Jaya Utama Bearindo,Admin,+62 811-3336-0893,,Sby,Lama,Cash 
Bearing,"Bearing, Rantai, vbelt",SBY Beltindo,Admin,+62 815-1522-0596,,Sby,Cukup Cepat,Cash 
Bearing,Bearing,Adi Cahaya Bearing,Admin,081249572399,,,,Cash 
Bearing,"Bearing, Vbelt",Bit Coin,Admin,081232589899,,Sby,Cukup Cepat,Cash 
Cat,"Cat Jotun, Majestic",Cat Rumah Pelangi,Admin,082235077898,,"Surabaya, Jl. Kenjeran No. 345",Cepat,Cash 
Cat,Pilox,Cat Semi Jaya,Admin,081996537000,,"Mojokerto, Depan Makam Pahlawan",,Cash 
Cat,Cat Jotun,Jotun Marketing Team,Admin,082165405062,,Surabaya,,Cash 
Cat,Cat Tembok,Sumber Sari,Admin,0811910968,,"Mojokerto, Depan Makam Pahlawan",,Cash 
Cat,Cat,Warna Impian,Admin,081977749888,,"Surabaya, Ruko tamnan niaga gapura J11 citraland",,Cash 
Cat,Toko Cat,Semi Jaya,Admin,0819-9653-7000,,Mjk,,Cash 
Cat,Cat Benua,PT. Prima Raya,,,,Sidoarjo,,Tempo 30 Hari
Cat,Cat Polibest/paragon,PT. Tunggal Djaja Indah,,,,Sidoarjo,,Tempo 30 Hari
Elektronik,"Elektronik, Furniture",Ace Hardware Landmarc,Admin,082141241939,,Sby,Cukup Cepat,Cash 
Elektronik,All Elektronik,Hartono,Pak Guntur,08983782089,,Sby,Cukup Cepat,Cash 
Elektronik,All Elektronik,Jaya Agung Mesin,Admin,082132217238,,"Surabaya, ngagel jaya tengah no. 59",,Cash 
Elektronik,Elektronik,Miami,Mba Abel,081217502304,,"Surabaya, Jl. Raya Jemursari no 52 / Jl. Kertajaya no. 20",Lama,Cash 
Elektronik,All elektronik,My Hartono,Admin,0817321212,,"Surabaya, Mayjend Sungkono",Cukup Cepat,Cash 
Elektronik,Minibar,Perdana Pangsud,Admin,081217860644,,Surabaya,Cukup Cepat,Cash 
Elektronik,,Surya Agung Elektronik,Admin,082131257777,,"Rungkut, Sby",Cukup Cepat,Cash 
Elektronik,Electronik,Topsell,Viranda,0811-3488-861,,Mjk,,Cash 
Elektronik,,Metron Elektronika,,082121668228,,"Jl. Kedung Sari, Sby",Cepat,"Cash, CC"
Filter,Filter air,CV Dwimanunggal Filter,Admin,+62 898-7998-799,,Sby,,Cash 
Furniture,"Elektronik, Furniture",Ace Hardware Landmarc,Admin,082141241939,,Sby,Cukup Cepat,Cash 
Furniture,,Millenia,Admin,+62 813-9171-5330,,Sby,Cepat,Cash 
Furniture,,SHIMAN FURNITURE,Admin,+62 822-4464-7776,,Sby,Cepat,Cash 
Furniture,Custome Meja HPL,Syrlirahmai,Admin,+62 821-9883-3806,,Sby,,Cash 
Furniture,,Berkah Karunia Fajar,Pak Willis,+62 838-4970-0695,,Sby,,Cash 
Furniture,Meja Lab ,PT. Nusantara Mual Natio,Admin,0811-9511-565,,Sda,,Cash 
Furniture,Rak Industri,Ayorack,Admin,0877-7056-0088,,Sby,,Cash 
Furniture,Rak Industri,Ayorack,Admin,031-35925017,,Sby,,Cash 
Industrial Wipes,"Saber70, spill kit, oil absorbent, dll",PT. Tandoox,Kevin,,,Tanggerang,,Tempo 30 hari
Kaca,Cermin,Persaudaraan glass,Admin,085100074187,,"Surabaya, Jl. Simo Gunung 1 No 54",,Cash 
Kaca,Cermin,Sumber Agung,Admin,085731073171,,"Surabaya, Jl. Sukomanunggal No. 214",,Cash 
Kebutuhan RT,"Sapu, cikrak, laci plastik, dsb.",Sidomumbul,Admin,+62 821-4343-8684,,"Dupak, Sby",Cepat,Cash 
Kebutuhan RT,"Sapu, cikrak, laci plastik, dsb.",Yunus Plastik,Admin,+62 858-1779-7972,,Krian,Cepat,Cash 
Kelistrikan (Electrical),,Terang Renes,Admin,+62 812-2226-4224,,"Jl. Raya Legundi No.741, Dusun Legundi, Krikilan, Kec. Driyorejo, Kabupaten Gresik, Jawa Timur 61177, Indonesia",Cepat,Cash 
Kelistrikan (Electrical),,Mentari/Solar Elektrik,Admin,+62 878-2345-4620,,Sby,Cepat,Cash 
Kelistrikan (Electrical),,Lima Lima Dinamika,Admin,+62 895-3662-52613,,Sby,Cukup Cepat,Cash 
Kelistrikan (Electrical),,CV Jaya Abadi,Admin,+62 812-8727-9999,,"Kedungdoro, Sby",Cepat,Cash 
Kelistrikan (Electrical),,Jaya Mapan Listrik,Admin,+62 811-3341-364,,"Jl. Dr. Ir. H. Soekarno No.22a, Kalijudan, Kec. Mulyorejo, Kota SBY, Jawa Timur 60133, Indonesia",Sangat Cepat,Cash 
Kelistrikan (Electrical),LED power supply 24V 10A,Aneka LED,Admin,089616826097,www.tokopedia.link/wop0DhmAKDb,"Surabaya, ngagel madya X/ 24",,Cash 
Kelistrikan (Electrical),Power Supply,King LED SBY,Admin,08569007558,,"Surabaya, Waru",,Cash 
Kompresor,"Spare part kompresor, filter",Kojisha Innotiv Indonesia,Pak Adi,081210000997,,,,Cash 
Konveksi,Seragam Antistatic,Wibawa Sukses,Admin,0821-9922-1659,,Cikarang,,Cash 
Lifting Equipment,"Jarum Keras, Klem macan, rantai galvanis, chain block, handpallet, dsb.",Mega Jaya,Admin,+62 811-8888-000,,Sby,Cepat,Cash 
Lifting Equipment,Handpallet,Dalton,Pak Ales,+62 813-3529-9200,,Sby,Cepat,Cash 
Lifting Equipment,Handpallet,Cust Hand Pallet Hand Lift Margomulyo Dutech,,+62 813-9999-0967,,Sby,,Cash 
Lifting Equipment,Electrical chain hoist,PT Helindo Tech Indonesia,Bu Thathig,+62 857-3236-4941,,Sby,Cepat,Cash 
Lifting Equipment,Electrical chain hoist,CV Cipta Sejahtera,Admin,+62 823-3184-3244,,"Jemursari, Sby",Cukup Cepat,Cash 
Lifting Equipment,Electrical chain hoist,CV Yunika,Pak Daniel,+62 898-1813-355,,Surabaya,Cukup Cepat,Cash 
Lifting Equipment,"Jarum keras, perbautan",RJS SBY,Admin,08113525047,,"Jl. Semarang No.116 D-E, Bubutan, Kec. Bubutan, Surabaya, Jawa Timur 60174",Cepat,Cash 
Lifting Equipment,"Jarum keras, perbautan",Sentral Mur Baut,Pak Yul,0811307202,sentralmurbaut@hotmail.com,"Jl. Rajawali No.53-B, Krembangan Se",Cepat,Cash 
Lifting Equipment,"Jarum keras, klem macan, rantai galvanis, dsb.",Rajawali Marketing,Admin,+62 821-4290-9125,,Jl. Raden Saleh Permai No.Kav. 16-17,Cepat,Cash 
Lifting Equipment,"Handpallet, Automotive, Automation, Welding, dsb.",Kawan Lama,Pak Aziz,+62 856-4222-7109,,"Juanda, Sby",Cukup Cepat,Cash 
Logam Mulia,Emas antam,Bu Yana,,+62 822-3238-6928,,Sby,Cepat,Cash 
Logam Mulia,Emas antam,Distributor Mini Gold,Admin,+62 817-199-396,,Sby,Cepat,Cash 
Material Insulation,"Glaswool, rockwool, dsb.",Hari Jaya Makmur,Admin,081315041600,,Sby,Cepat,Cash 
Measurement,"Alat Ukur : Timbangan, Teso, dll",PT. Siwali ,Admin,0851-5666-5011,,Sby,,Cash 
Measurement,Alat Ukur : Timbangan dll.,PT. Darma Sakti Adisaputra,lelly,0816-4600-9009,,Sby,,Cash 
Oli Industri,Oli Pertamina,UD. Anugerah Kusuma,admin,0817332900,,"Surabaya, Jl. Baliwerti No. 85",,Cash 
Oli Industri,Shell Omala S4 GVX 320,PT Tunggal Karya Bersama,Pak Adam,081295987552,Tokopedia,Tangerang,,Cash 
Otomotif,"Onderdil mobil, truk, fuso, dsb.",Toko onderdil,Admin,+62 851-0170-6153,,Sby,,Cash 
Otomotif,"Sparepart motor, mobil, dll.",Bumi Motor,Pak Ichwan,+62 856-3384-358,,Sby,,Cash 
Otomotif,"Sparepart motor, bengkel, oli motor",Hasil Abadi,Pak Angga,+62 856-4509-4164,,Krian,Cepat,Cash 
Otomotif,"Sparepart motor, bengkel, oli motor",Rama Motor,Admin,+62 851-0306-4257,,Driyorejo,Cepat,Cash 
Perkapalan,Spartpart dan asesoris kapal,Dunia Marine Indonesia,Pak Roni,+62 895-3274-25179,,Jkt,,Cash 
Perkapalan,water separator,Mr. Marine Mart,Admin,0811-3067-338,,Sby,,Cash 
Pertanian,"Plastik UV, Paranet, Pasak",Atla Agrikultural,Admin,081336621616,,Jl. Gresik Gadukan Utara 283,,Cash 
Pipa,"Pipa PVC, Elbow, Tee, dsb",Sahabat Lama Makmur Bersama,Bu Giati,+62 811-3118-5685,,Kletek,Cepat,Cash 
Pipa,"Pipa PVC, Elbow, Tee, dsb",Karyanata Inti Sejahtera,Admin,+62 813-1500-6040,,Sby,,Cash 
Pipa,"Pipa SS, Pipa Besi, Aluminium, plat dsb",Abadi Gemilang Perkasa,Bu Lia,+62 812-3081-004,,Sby,Cukup Cepat,Cash 
Pipa,"Pipa SS, Pipa Besi, Aluminium, plat dsb",Sarana Metal Jayatama,Admin,+62 812-3067-1316,,Sby,Lama,Cash 
Pipa,"Plat strip besi, pipa besi, dsb.",Distributor Besi MBT,Admin,+62 822-2981-1033,,Sby,Cepat,Cash 
Plastik,"Plastik, botol plastik, trash bag",Anugerah Plastik,Admin,+62 813-9333-9370,,Krian,Cukup Cepat,Cash 
Plastik,"PE Foam, Wrapping, Strapping band, Stranpping PET",Ade Store,Admin,081703982798,,Jl. Kutisari Selatan VII No. 4 Sby,Cepat,Cash 
Plastik,"Jerigen, Botol",Plastik Pack,Admin,083830681601,,"Trenggilis, Sby",Cukup Cepat,Cash 
Plastik,"Strapping Band, Bubble wrap, Plastik Wrapping",Ade Store,Admin,085925004001,,"Kutisari, Sby",Cepat,Cash 
Plastik,Botol tumblr,Uanagift,Admin,087797600999,,Surabaya Sememi,,Cash 
Plastik,"Plastik Semi Finish (akrilik, teflon, nylon hdpe, AS Polyurethane, dsb.)",Sinar Mulia Indah,Reinal,+62 811-3560-860,,Sby,Cukup Cepat,Cash 
Plat,"Plat aluminium, besi, Stainless, plat strip, glaswool, dsb.",Hari Jaya Makmur PT,Admin,081315041600,,Sby,Cepat,Cash 
Plat,"Plat besi, stainless, wiremesh, hollow, pipa besi, pipa stainless",Asahan Sakti,Mely,081235582560,,"Raden saleh, sby",Cepat,Cash 
Plat,"Plat besi, stainless, wiremesh, hollow, pipa besi, pipa stainless",Abadi Gemilang Perkasa,Bu Lia,+62 812-3081-004,,Sby,Cukup Cepat,Cash 
Plat,"Plat besi, stainless, wiremesh, hollow, pipa besi, pipa stainless",Sarana Metal Jayatama,Admin,+62 812-3067-1316,,Sby,Lama,Cash 
Plat,"Plat strip besi, pipa besi, dsb.",Distributor Besi MBT,Admin,+62 822-2981-1033,,Sby,Cepat,Cash 
Plat,Hollow Besi Baja,PT. MBT Steel ,Admin,0813-3339-5279,,Sby,,Cash 
Pompa,"Pompa oli, pompa air, elektrical, industrial fan, electric motor, kompresor",CV Aneka Teknik Solusindo,Pak Dimas,081335130474,,"Gunung Anyar, Sby",Cepat,Cash 
Pompa,,Aneka Pompa,Admin,+62 811-305-867,,Sby,,Cash 
Pompa,,Aneka Pompa Teknik Perkasa,Pak Erik,+62 819-3830-5867,,Sby,,Cash 
Pompa,,PT. Sentralindo Trijaya Abadi,Admin,+62 857-2020-3875,,Sby,,Cash 
Pompa,,Arena Teknik Pompa,Admin,+62 813-3224-4381,,Sby,,Cash 
Resin,Biji Plastik,PT. Duta Buana Polyindo,Bu Jenny,+62 817-0388-8266,,Sby,,Cash 
Resin,Biji Plastik,PT Dayasa,Pak Andreas,+62 813-1801-5248,,Driyorejo,,Cash 
Resin,"Resin, filter air",Mitra Usaha Mandiri,Admin,+62 812-3459-0404,,"Pucang, Sby",,Cash 
Roda,Roda Troli,Sumber Abadi,Admin,087849719298,,"Surabaya, Waru",,Cash 
Safety,"APD, Alat Teknik",Rantech,Admin,081131123978,,"Kalianak, Gresik",,Cash 
Safety,"APD, Alat Teknik",Situansan Margomulyo,Admin,0817323212,,"Margomulyo, Sby",,Cash 
Safety,"APD, Alat Teknik",Situansan Krikilan,Admin,081138703800,,Krikilan,,Cash 
Safety,APD,APD Safety,Admin,+62 823-3575-1050,,Jakarta,,Cash 
Safety,"APD, Sepatu Safety",CV Tekad Jaya,Admin,+62 822-4590-5090,,"Jl. Tidar, Sby",,Cash 
Safety,APD,Kurnia Safety,Admin,+62 811-1911-1294,,Jakarta,,Cash 
Safety,APD,Putra Safety Mandiri,Admin,+62 811-1911-1294,,Jakarta,,Cash 
Safety,APD Perkapalan,Safety Marine,Admin,+62 812-3322-3609,,Surabaya,,Cash 
Safety,Sepatu Safety,Usafe,Admin,+62 821-4209-3077,,Surabaya,,Cash 
Safety,APD,Tonata Surabaya,,,,Surabaya,,Cash 
Safety,APD,Alsyahwal Jaya Safety,Admin,085758659796,,Jakarta,,Cash 
Safety,"Sepatu boot, sepatu karet",PT Waru Gunung,Pak Muklas,+62 823-3698-3126,,Sby,,Cash 
Safety,"Sepatu boot, sandal karet",Bagoes AP Boot,Pak Bagus,+62813-3560-3692,,"Tulangan, Sidoarjo",,Cash 
Safety,Sepatu boot jeep,Nina Wijadi,Bu Nina,+62 819-3828-2333,,"Sepanjang, Sidoarjo",,Cash 
Safety,APD,Global Spex Mandiri,Admin,+62 816-511-803,,,,Cash 
Safety,APD jumsuit/gown,Medstuff Sarana Medika,Admin,082160008991,,,,Cash 
Safety,"Plat Rambu, Safety Gloves, Body Harness, dsb.",PT. Sumber Rejeki Agung,Dodi,085230398403,,Surabaya,,Cash 
Safety,Rompi Safety,Zahra Atribut,Admin,0857-2037-1699,,Sby,,Cash 
Safety,Sarung tangan Kleeguard,Mulyadi,Mulyadi,0812-3541-877,,Sby,,Cash 
Safety,Helm Safety,CV. Praba Putra Jaya,Admin,0822-8384-2206,,Sby,,Cash 
Safety,Convex Mirror,High Safety,Admin,0821-3910-9908,,Sby,,Cash 
Safety,Helm Enzo,Budi,Budi,0821-3637-7165,,Sby,,Cash 
Sanitary,TOTO,CV. TOP Surabaya,Admin,0817319999,,"Surabaya, Bunguran 29 dekat Pasar Atum",,Cash 
Sanitary,Kran,Europe Enchanting,Admin,081806860639,,"Jawa Barat, Jl. KH Noer Ali no 8",,Cash 
Sanitary,Kepala jet shower,Karunia Berkat,Admin,,https://tokopedia.link/x4sHjghENAb,Surabaya,,Cash 
Sanitary,Catridge kran,Astral,Admin,081233315335,,Surabaya,,Cash 
Seal,,Sentoso Seal,Admin,+62 878-1509-6810,,"blok A-14, Jl. Dupak No.17, Gundih, Kec. Bubutan, Kota SBY, Jawa Timur 60172, Indonesia",,Cash 
Seal,,Sentral Seal,Bu Anti,+62 812-2220-9862,,Sby,,Cash 
Seal,,Bandar seal,Admin,081554932719,,Sby,,Cash 
Seal,,Sentoso Seal,Admin,087815096810,,"blok A-14, Jl. Dupak No.17, Gundih, Kec. Bubutan, Kota SBY, Jawa Timur 60172, Indonesia",,Cash 
Seal,,Sentral Seal,Bu Anti,081222209862,,Sby,,Cash 
Seal,,Surabaya Rubber Seal,Admin,082238953141,,Sby,,Cash 
Selang,"Selang, nepple, elbow, tee pneumatic, dsb.",Istana Selang,Admin,081330080880,,Sby,,Cash 
Selang,,Sumber Selang,Admin,082231166663,,Sby,,Cash 
Tali,Tali Rami,Bumi Anugerah Jaya Abadi,Endah,0858-0674-9421,,Mjk,,Cash 
Tali,Tali PP,PT. Anugerah Sukses Marine,Admin,0816-1787-3480,,Sby,,Cash 
Teknik,Alat Teknik,CV Cipta Sejahtera,Admin,+62 823-3184-3244,,"Jemursari, Sby",,Cash 
Teknik,Alat Teknik,CV Yunika,Pak Daniel,+62 898-1813-355,,Surabaya,,Cash 
Teknik,Alat Teknik,GB Teknik,Admin,+62 821-5149-4185,,Surabaya,,Cash 
Teknik,Alat Teknik,Gtek Tool,Admin,+62 877-5856-8080,,Surabaya,,Cash 
Teknik,Alat Teknik,Harapan Jaya,Admin,085163137190,,"Gedangan, Sda",,Cash 
Teknik,Alat Teknik,Situansan,Admin,081138703800,,,,Cash 
Teknik,Alat Teknik,Jatmiko,Cik Yen,+62 811-3323-500,,"Kedungsari, Sby",,Cash 
Teknik,"Alat Teknik, welding, lift equipment, dll.",CV Cipta Sejahtera,Admin,082331843244,,Sby,,Cash 
Teknik,Tools Vertex,CV Cipta Jaya Lestari,Pak Ahmad,081331637497,,"Kenjeran, Sby",,Cash 
Teknik,"Alat Teknik, welding, lift equipment, dll.",CV Yunika,Pak Daniel,08981813355,,Sby,,Cash 
Teknik,Alat Teknik,GB Teknik,Admin,082151494185,,Sby,,Cash 
Teknik,"Alat Teknik, Alat Safety",Gtek Tool,Admin,087758568080,,Sby,,Cash 
Teknik,"Alat Teknik, baut, dsb.",Harapan Jaya,Admin,085163137190,,Sidoarjo,,Cash 
Teknik,Alat Teknik,Ibra Teknik,Admin,081316232997,,Jkt,,Cash 
Teknik,Obeng Tekiro all size,IndoTeknik,Admin,08128080622,,Jakarta Utara,,Cash 
Teknik,"Alat Teknik, welding eq., dll.",Jatmiko,Cik Yen,08113323500,,Sby,,Cash 
Teknik,Spare Part Mesin,Mitra Jaya Teknik,Admin,081388256336,,Jkt,,Cash 
Teknik,"Tools, Otomotif, Electrical, Baut, Kebutuhan RT, Safety, dll.",Monotaro,Admin,0858-5337-0159,,Jkt,,Cash 
Teknik,"Tools, Otomotif, Electrical, Baut, Kebutuhan RT, Safety, dll.",Monotaro,Admin,0852-1996-8320,https://www.monotaro.id/,Jkt,,Cash 
Teknik,"Loctite, Tools Snapon, Cutting Tools, dll",PT. Somagede,"Astrid (Sby)
Buyung (semarang)","085312894183
087777732505",,"JKT,SBY,Semarang",,Tempo 60 Hari
Tekstil,Kain,PT. Lunar Textile,Admin,0896-8728-8182,,Sby,,Cash 
Tekstil,Kain,Buana ,Admin,0878-5534-5748,,Sby,,Cash 
Tekstil,Kain,Weva Textile,Admin,0899-2600-600,,Sby,,Cash 
Tekstil,Kain,Warna Ullasa,Admin,0813-8798-9998,,Mjk,,Cash 
Tekstil,Kain,Merlin,Merlin,0823-3430-8880,,Sby,,Cash 
Terpal,,Cahaya Abadi Terpal,Admin,088213168888,,"Jl. Herkules Simogunung Kav. 21-22, Sby",,Cash 
Toko Bangunan,"Cat, alat bangunan",Bumi Jaya (duku kupang),Mbk Rosa,81232711945,,Surabaya,,Tempo 7 Hari
Tools,"Tools Kenedy, dll",PT. Mahidara,Hermi arif,82232744123,,Waru,,Tempo 30 hari
V-belt,Vbelt,Tali agung,Pak Yusuf,+62 812-3458-1385,,Sby,Cukup Cepat,Cash 
Welding Equipment,"Mesin Las, kawat las, topeng las, sarung tangan las, dll.",Cahaya Las,Admin,+62 812-4922-2797,,Sby,Cepat,Cash 
Welding Equipment,"Mesin Las, kawat las, topeng las, sarung tangan las, dll.",Cahaya Logam,Admin,+62 896-2004-4911,,Sby,Lama,Cash 
Welding Equipment,Kawat Las,UD Nikysay,Admin,+62 811-3018-388,,Sby,Cukup Cepat,Cash 
Welding Equipment,Kawat Las,Alatteknikkita,Admin,+62 822-3271-8284,,Sby,Lama,Cash 
,Triplek / HPL,CV. Abadi Djaja Rukun Sejahtera,Admin,0822-6124-8931,,Sby,,Cash 
,Solar Industri,Albert,Albert,0812-1734-546,,Sby,,Cash 
,Sandal Komin,Final deal,Final deal,0812-8896-3959,,Jkt,,Cash 
,Florist,Pesona Florist,Admin,0822-3258-0004,,Krian,,Cash 
Distributor,"Fluke, Kyoritsu, Sanwa, Raytek",CV Kencana Jaya Abadi,Admin,08111698168,,LTC Glodok Jakarta,,
Baut,"Baut, mur, dsb.",Mur Baut Online,Admin,081288606077,,Jakarta,Cepat,Cash
Electrical,Sparepart electrical,CV BSA,Admin,082137596140,,Jakarta,Cepat,Cash
Bahan Kimia,,Global Chemical Indo/PT Ferryndo Maju Pratama,Admin,087876908804,,Jakarta,Cukup Cepat,Cash
Welding Equipment,"Mesin Las, Kawat Las",PT Wahana Inti,Admin,085101875704,,"Rungkut, sby",Cepat,Cash
Welding Equipment,"Mesin Las, Kawat Las",Nikyway,Admin,083849024653,,Sby,Cepat,Cash
Plat,"Plat, pipa stainless",Distributor Besi MBT,Sales,082229811033,,Sby,Cepat,Cash
Distributor,"Backhoff, Nord",,Bu Gracia,08111710117,,JKT,Lama,Cash
Kelistrikan,Lampu ,Putra Jaya Abadi,Pak Henky,0813-3608-6035,,Sby,Cepat,cash
Kelistrikan,"lampu, kabel,dll",Mitra Sejati Elektrik ,Admin,0812-2687-8388,,Semarang,Cepat,cash
Kelistrikan,lampu,Sumber Rejeki Listrik,Admin,0856-4030-4795,,Semarang,Cukup Cepat,cash
Kelistrikan,"lampu,tools, ",Istana listrik Gajah,Admin,0822-2300-0550,,Semarang,Cukup Cepat,cash
Lifting Equipment,"Handpallet, Automotive, Automation, Welding, dsb.",Kawan Lama,admin 1,0812-3180-9122,,Surabaya,Cepat,cash
Lifting Equipment,"Handpallet, Automotive, Automation, Welding, dsb.",Mahfrill Raden Saleh,admin,0853-1414-6214,,Surabaya,Cepat,cash
Sembako,Sembako,Puji Syukur,admin,0857-9928-1889,,Mjk,Cepat,cash
Bearing,"Bearing, Rantai, vbelt",Asian Bearindo,Bu ida,0815-5378-8100,,Surabaya,Cepat,cash
Safety,Rompi Safety,Safety Center,admin,0812-1689-9682,,jakarta,Cepat,cash
,Silica gel,,Bu diandra,0878-1491-3141,,Surabaya,Cepat,cash
Furniture,Kasur,SP Mattress ,Bu Sophie ,0817-5070-570,,Surabaya,Cukup Cepat,cash
Furniture,Kasur,Sleep & Co galaxy mall,bu diana,0813-3408-3246,,Surabaya,Cepat,cash
Cat,"Cat Jotun, dulux, mowilex",Artha Kencana,Bu dessy,0838-5742-2226,,Surabaya,Cepat,cash
Furniture,"loker, kasur, meja, kursi",Timur Furniture,admin,0822-5794-2430,,Surabaya,Cepat,cash
APD,helm enzo,PT. Global Spex Mandiri,Endang,0816-511-803,,Surabaya,Lama,cash
APD,helm enzo,,Budi,0821-3637-7165,,Surabaya,Cepat,cash
Advertising,"kartu nama, bendera, banner",ADC printshop,admin,0819-1666-1007,,Surabaya,Cepat,cash
,"tabung gas oksigen, acetylene, argon dll",Malson Gas,admin,0878-5885-8666,,Surabaya,Cepat,cash
,"tabung gas oksigen, acetylene, argon dll",Malson Gas,Bu Selvi,0812-3171-5678,,Surabaya,Cepat,cash
,"tabung gas oksigen, acetylene, argon dll",Malson Gas,Bu Mayang,0812-3171-1234,,Surabaya,Cepat,cash
,"tabung gas oksigen, acetylene, argon dll",Malson Gas,Bu Sindi,0812-3526-7890,,Surabaya,Cepat,cash
Elektronik,"Laptop, komputer dll",Gamer ID,admin,0878-5577-3878,,Surabaya,Cepat,cash
Elektronik,"kulkas, TV, mesin cuci, showcase dll",UFO,Shevan,0823-3229-7610,,Mjk,Cepat,cash
Bearing,Bearing SKF,PT. Pancaputra Satriawibawa,teguh ,0857-3277-1199,,Surabaya,Cepat,cash
Lifting Equipment,"Handpallet, Automotive, Automation, Welding, dsb.",Kawan Lama,ivan,0851-6036-3456,,Surabaya,Cepat,cash
Elektronik,sparepart,aif robotic,admin,0812-4666-0506,,Surabaya,Cukup Cepat,cash
Distributor Resmi,Dist. Lototo,LOTOTO,P. GUNA,087874125569,,Jkt Selatan,,
Distributor Resmi,Dist. Ansell,ANSEL,P. ANDI,08124833357,,Jkt,,
Distributor Resmi,"3M, MEIJI, NITCHI, DSB.",PT. HENGTRACO,Pak Joseph,087759837155,,Jkt,,
Measurement,Alat Ukur : Timbangan dll.,PT. MITRA HITECH INDOTAMA,FIA,081119921744,,BOGOR,,
Electrical,Dist. Hitachi,HITACHI,P. TRI WIBOWO,08111690144/0212528470,,,,
Distributor Resmi,Dist. Hitachi,HITACHI,P. TRI WIBOWO,08111690144/0212528470,,,,
Distributor Resmi,Dist. Daiden,PT Niagamas Lestari,P. Andre,082112923918,,,,
Distributor Resmi,Dist. Mitsuboshi,PT Mitsuboshi Belting Sales Indonesia,P. Saepudin,0215363033/0813100686691,,,,
Distributor Resmi,Dist. Aldo,PT. Celindo Multi Karya,Admin,08113537788,,,,
Distributor Resmi,Dist. Cheetah,Cheetah,P. Purba,081119207039,,,,
Distributor Resmi,Dist. Safety Jogger,PT. Bintang Anugerah Sejati,P. Kenzo,081113508114/02162308414,,,,
Distributor Resmi,Dist. Misumi,PT Misumi Indonesia,P. Galuh,08118251567,,,,
Distributor Resmi,Dis.t Nachi,PT. Nachi Indonesia,,0215272841,,,,
KONVEKSI,Konveksi,Engineer Factory,Rizky,0812-1112-2515,,Bandung,,
Distributor Resmi,Dist. Misumi dan Kitz,PT. Misumi Indonesia,P. Joni,0811-8455-168,,jakarta,,
Lisensi Software,IT dan Software,PT. Piranusa Nusantara Teknolologi,B. Hilda,0878-2755-9955,,jakarta,,
,Mesin Boiler,PT. Taland Utama Karisma Perkasa,P. Ridho,0811-1000-0591,,tangerang,,
,Pengolahan Limbah,Daiki Axis Indonesia,P. Achmad Erkhan,0857-4844-4079,,Surabaya,,
Machinery,Sparepart Mesin,PT. Fujilloy Indonesia,P. danang,0821-1285-9110,,Karawang,,
Oli Industri,"Grease, Oil & Energy Lubricants",PT. Nippon Oil Indonesia,B. Fujita,0811-8113-7652,,jakarta,,
Oli Industri,"Grease, Oil & Energy Lubricants",PT. Nippon Oil Indonesia,P. Imran,0812-9443-447,,jakarta,,
Oli Industri,"Grease, Oil & Energy Lubricants",PT. Nippon Oil Indonesia,P. Heri,0811-9936-681,,jakarta,,
Machinery,Mesin Industri,PT. Ever Chemical Indonesia,P. yusuf,0815-1078-7858,,Jakarta,,
Lifting Equipment,"Handpallet, Automotive, Automation, Welding, dsb.",PT. Traktor Nusantara,P. Anang,0822-3358-8745,,Surabaya,,
Measurement,Timbangan,Gyumo / Its scale,Admin,0811-1910-3783,,Tangerang,,
Lifting Equipment,"Handpallet, Automotive, Automation, Welding, dsb.",PT. Internasional Teknik Solusindo,P. Wahyu,0811-8114-0957,,Tangerang,,
,Filter air,Zhuhai Sanfam Filter,B. Kiki,0812-1229-0125,,Gresik,,
,"Valve, Globe, Sambungan pipa, ",PT. Unggul Prakasa Prisma,P. Robert,;0811-3340-101,,Surabaya,,
,"Pompa merk Revco, HRF, BCG ",UD. Untung Jaya,P. Diego ,0852-0002-0000,,Surabaya,,
,"Pompa merk Wiking pump, Flowserve, Blagdon, Sandpiper, Wilden, Tsurumi pump, Cognito, Pulsafeeder",PT. Aldimar Airmas,P. Imam,0811-2924-10 / 031-5041227,,Surabaya,,
Lifting Equipment,"Handpallet, Automotive, Automation, Welding, dsb.",PT. Becca Mandiri Perkasa,P. Amin,0821-4046-69931 / 0856-5548-8852,,Sidoarjo,,
,Dist. Brother,PT. Brother International ,P. octrio,0856-4938-8111,,Surabaya,,
,"Pneumatic merk Nachi, Danfoss Marzocchi pompe, Osaka jeck, Kosmek, Yuken, Sunfab, Coolbit",PT. Pandu Hydro Pneumatic,P. Zenny,0813-5407-0318,,Surabaya,,
,"onitoring Machine, Monitoring Energy, Monitoring Stock , Water Cooling System.",PT. Kyoritsu Electric Indonesia,Admin,021-29093182,,Cikarang,,
,Dist. Kyoritsu,PT. Kyoritsu Electric Indonesia,Nuryadi,0822-1320-5466,,Cikarang,,
,Mesin Sensor,PT. Keyence,,021-2966-0102,,Jakarta,,
,"Dist. Lakoni, WD-40 ",PT. Perkakas Sumber Karya,admin SBY,0811-8069-130,,Surabaya,,
,Ventilator dan sparepart,PT. Wilbert Perkasa Teknik,P. Satrio ,0896-1188-9918,,Surabaya,,
,Mata Gerinda / grinda merk PRIX,PT. Elang Perkasa Indojaya,P. Awang,0822-3430-5850,,Surabaya,,
Tools,"Dist. Lakoni, WD-40 ",PT. Perkakas Sumber Karya,Priscilla,0853-1000-5606,,Surabaya,,
,"Valve, Pneumatic, Solenoid, Air cylinder",Pamy pneumatic,Admin  ,0878-6695-3777,,Surabaya,,
Lisensi Software,AI sistem keuangan,Xtremax,P. Dian,0815-8100-180,,Bandung,,
Kelistrikan,Dist. HIOKI,PT. HIOKI Electric Indonesia,P. Ardanto,0812-4901-5315,,jakarta,,
,Hydraulic merk Enerpac,PT/ Ekatama Putra perkasa,,021-4514678,,jakarta,,
,"Hydraulic , pump, cylinder",PT. Gratari Kencana Abadi,P. Suhendro,0811-9223-689,,Tangerang,,
,"Pneumatic , air cylinder",PT. Sarana Mentari Cemerlang,,0812-4986-4173,,Surabaya,,
,Dist SKF bearing ,PT. Pancaputra Satriawibawa,P. Handika,0822-3100-8487,,Surabaya,,
,Glass fiber,PT. Nitigura Indonesia,B. Shafira,0852-1824-2272,,Cikarang,,
Baut,Perbautan,Sentral Fastindo,Admin,081335120744,,Surabaya,,
Baut,Perbautan,Wahana Sentra Niaga,Admin,082257732704,,Surabaya,,
Baut,Perbautan,Toko Rama,Admin,082132345689,,Surabaya,,
,Custom Balon Gate Run Color,Anugrah Balon,Admin,085716665458,,Bogor,,
Lisensi Software,Sketchup,Solusi Online,,087784219866,,,,
APD,"Sarung tangan, helm, rompi
Onebiz, Kleenguard",Onebiz,,081283437779,,,,
,Dist. CRC,Global Ladju Daya,,08170790908,,,,